-- phpMyAdmin SQL Dump
-- version 4.4.10
-- http://www.phpmyadmin.net
--
-- Host: localhost
-- Generation Time: Aug 03, 2016 at 09:42 PM
-- Server version: 5.6.25
-- PHP Version: 5.5.27

SET SQL_MODE = "NO_AUTO_VALUE_ON_ZERO";
SET time_zone = "+00:00";


/*!40101 SET @OLD_CHARACTER_SET_CLIENT=@@CHARACTER_SET_CLIENT */;
/*!40101 SET @OLD_CHARACTER_SET_RESULTS=@@CHARACTER_SET_RESULTS */;
/*!40101 SET @OLD_COLLATION_CONNECTION=@@COLLATION_CONNECTION */;
/*!40101 SET NAMES utf8mb4 */;

--
-- Database: `db_baitul_makmur`
--

-- --------------------------------------------------------

--
-- Table structure for table `tb_adpro`
--

CREATE TABLE IF NOT EXISTS `tb_adpro` (
  `id` int(11) NOT NULL,
  `id_pinjaman` int(11) NOT NULL,
  `tgl_input` date NOT NULL,
  `biaya_adm` double NOT NULL,
  `biaya_ca` double NOT NULL,
  `survey` double NOT NULL,
  `stofmap` double NOT NULL
) ENGINE=InnoDB AUTO_INCREMENT=3 DEFAULT CHARSET=latin1;

--
-- Dumping data for table `tb_adpro`
--

INSERT INTO `tb_adpro` (`id`, `id_pinjaman`, `tgl_input`, `biaya_adm`, `biaya_ca`, `survey`, `stofmap`) VALUES
(1, 1, '2007-10-05', 150000, 10000, 0, 1000),
(2, 2, '2007-10-05', 120000, 10000, 0, 1000);

-- --------------------------------------------------------

--
-- Table structure for table `tb_anggota`
--

CREATE TABLE IF NOT EXISTS `tb_anggota` (
  `id` int(11) NOT NULL,
  `no_rekening` varchar(15) NOT NULL,
  `no_ktp` varchar(20) NOT NULL,
  `nama` varchar(50) NOT NULL,
  `alamat` text NOT NULL,
  `tgl_masuk` date NOT NULL
) ENGINE=InnoDB AUTO_INCREMENT=4 DEFAULT CHARSET=latin1;

--
-- Dumping data for table `tb_anggota`
--

INSERT INTO `tb_anggota` (`id`, `no_rekening`, `no_ktp`, `nama`, `alamat`, `tgl_masuk`) VALUES
(1, '000011007TMN', '331208000000000', 'aris setyawan', 'eromoko kulon RT.02/03 eromoko', '2007-10-11'),
(2, '000021107TMN', '331214306680001', 'sukiyem', 'Mlangse Kidul RT.01/07 Tubokarto', '2007-11-03'),
(3, '000010816TMN', '33457687400019', 'SRI NAHARI', 'Jl. Tentara Pelajar No. 34', '2016-08-03');

-- --------------------------------------------------------

--
-- Table structure for table `tb_arus_kas`
--

CREATE TABLE IF NOT EXISTS `tb_arus_kas` (
  `id` int(11) NOT NULL,
  `waktu` timestamp NOT NULL DEFAULT CURRENT_TIMESTAMP ON UPDATE CURRENT_TIMESTAMP,
  `transaksi` enum('Angsuran','Tabungan','Pembiayaan','Penarikan Tabungan','Lain-lain','Saldo Awal','Koreksi','Modal') DEFAULT NULL,
  `id_transaksi` int(11) DEFAULT NULL,
  `masuk` decimal(12,2) NOT NULL,
  `keluar` decimal(12,2) NOT NULL,
  `keterangan` text NOT NULL,
  `id_user` int(11) NOT NULL
) ENGINE=InnoDB AUTO_INCREMENT=6 DEFAULT CHARSET=latin1;

--
-- Dumping data for table `tb_arus_kas`
--

INSERT INTO `tb_arus_kas` (`id`, `waktu`, `transaksi`, `id_transaksi`, `masuk`, `keluar`, `keterangan`, `id_user`) VALUES
(1, '2016-02-28 11:30:07', 'Saldo Awal', NULL, '200000000.00', '0.00', 'Saldo Awal', 1),
(3, '2016-02-28 11:30:03', 'Pembiayaan', 414, '0.00', '100000000.00', 'Pembiayaan SB000415 ARVIN NIZAR', 1),
(4, '2016-08-03 13:48:29', 'Tabungan', 3, '450000.00', '0.00', 'Pembukaan tabungan 000010816TMN SRI NAHARI', 1),
(5, '2016-08-03 13:49:28', 'Tabungan', 5810, '250000.00', '0.00', 'Tabungan 000010816TMN SRI NAHARI', 1);

-- --------------------------------------------------------

--
-- Table structure for table `tb_debitur`
--

CREATE TABLE IF NOT EXISTS `tb_debitur` (
  `id` int(11) NOT NULL,
  `nomor_rekening` varchar(20) NOT NULL,
  `no_ktp` varchar(20) NOT NULL,
  `nama` varchar(50) NOT NULL,
  `alamat` text NOT NULL,
  `no_telp` varchar(15) NOT NULL,
  `tgl_masuk` date NOT NULL,
  `pekerjaan` varchar(40) NOT NULL
) ENGINE=InnoDB AUTO_INCREMENT=3 DEFAULT CHARSET=latin1;

--
-- Dumping data for table `tb_debitur`
--

INSERT INTO `tb_debitur` (`id`, `nomor_rekening`, `no_ktp`, `nama`, `alamat`, `no_telp`, `tgl_masuk`, `pekerjaan`) VALUES
(1, 'SB000001', '3312080000', 'Pirhartanto', 'Eromoko wetan RT.003/003 Eromoko Wonogiri', '085', '2007-10-05', 'Guru'),
(2, 'SB000002', '33120800', 'Antonius Suprianto', 'Eromoko Wetan RT.006/003 Eromoko Wono giri', '081329461422', '2007-10-05', 'Swasta');

-- --------------------------------------------------------

--
-- Table structure for table `tb_detail_debitur`
--

CREATE TABLE IF NOT EXISTS `tb_detail_debitur` (
  `id` int(11) NOT NULL,
  `id_debitur` int(11) DEFAULT NULL,
  `agama` varchar(10) NOT NULL,
  `nama_psg` varchar(25) NOT NULL,
  `pekerjaan_psg` varchar(30) NOT NULL,
  `status_rumah` varchar(15) NOT NULL,
  `penghasilan_bln` double NOT NULL,
  `pengeluaran_bln` double NOT NULL,
  `jaminan` varchar(25) NOT NULL,
  `rencana_pembiayaan` varchar(50) NOT NULL,
  `info_dari` varchar(20) NOT NULL
) ENGINE=InnoDB AUTO_INCREMENT=3 DEFAULT CHARSET=latin1;

--
-- Dumping data for table `tb_detail_debitur`
--

INSERT INTO `tb_detail_debitur` (`id`, `id_debitur`, `agama`, `nama_psg`, `pekerjaan_psg`, `status_rumah`, `penghasilan_bln`, `pengeluaran_bln`, `jaminan`, `rencana_pembiayaan`, `info_dari`) VALUES
(1, 1, 'islam', 'Setyowati', 'Guru', 'sendiri', 0, 0, 'Sertifikat Tanah Pekarang', '', 'temen'),
(2, 2, 'kristen', 'Setyorini S.Sen', 'Guru', 'sendiri', 0, 0, 'BPKB Mobil', '', 'Temen');

-- --------------------------------------------------------

--
-- Table structure for table `tb_detail_pinjaman`
--

CREATE TABLE IF NOT EXISTS `tb_detail_pinjaman` (
  `id` int(11) NOT NULL,
  `id_pinjaman` int(11) NOT NULL,
  `angsuran_ke` int(2) NOT NULL,
  `jatuh_tempo` date NOT NULL,
  `tgl_bayar` date DEFAULT NULL,
  `pokok` decimal(12,2) NOT NULL,
  `jasa` decimal(12,2) NOT NULL,
  `jml_angsuran` decimal(12,2) NOT NULL,
  `sisa_pokok` decimal(12,2) NOT NULL,
  `denda` varchar(12) NOT NULL,
  `status_bayar` enum('Belum','Sudah') NOT NULL DEFAULT 'Belum'
) ENGINE=InnoDB AUTO_INCREMENT=25 DEFAULT CHARSET=latin1;

--
-- Dumping data for table `tb_detail_pinjaman`
--

INSERT INTO `tb_detail_pinjaman` (`id`, `id_pinjaman`, `angsuran_ke`, `jatuh_tempo`, `tgl_bayar`, `pokok`, `jasa`, `jml_angsuran`, `sisa_pokok`, `denda`, `status_bayar`) VALUES
(1, 1, 1, '2007-11-05', '2007-11-14', '416667.00', '100000.00', '516667.00', '4583337.00', '12500', 'Sudah'),
(2, 1, 2, '2007-12-05', '2007-12-24', '416667.00', '100000.00', '516667.00', '4166670.00', '12500', 'Sudah'),
(3, 1, 3, '2008-01-05', '2008-01-12', '416667.00', '100000.00', '516667.00', '3750003.00', '12501', 'Sudah'),
(4, 1, 4, '2008-02-05', '2008-02-16', '416667.00', '100000.00', '516667.00', '3333336.00', '12501', 'Sudah'),
(5, 1, 5, '2008-03-05', '2008-03-17', '416667.00', '100000.00', '516667.00', '2916669.00', '12501', 'Sudah'),
(6, 1, 6, '2008-04-05', '2008-04-12', '416667.00', '100000.00', '516667.00', '2500002.00', '12501', 'Sudah'),
(7, 1, 7, '2008-05-05', '2008-05-21', '416667.00', '100000.00', '516667.00', '2083335.00', '12501', 'Sudah'),
(8, 1, 8, '2008-06-05', '2008-06-20', '416667.00', '100000.00', '516667.00', '1666668.00', '12501', 'Sudah'),
(9, 1, 9, '2008-07-05', '2008-07-07', '416667.00', '100000.00', '516667.00', '1250001.00', '0', 'Sudah'),
(10, 1, 10, '2008-08-05', '2008-07-07', '416667.00', '100000.00', '516667.00', '833334.00', '0', 'Sudah'),
(11, 1, 11, '2008-09-05', '2008-07-07', '416667.00', '0.00', '516667.00', '416667.00', '0', 'Sudah'),
(12, 1, 12, '2008-10-05', '2008-07-07', '416667.00', '0.00', '516667.00', '0.00', '0', 'Sudah'),
(13, 2, 1, '2007-11-05', '2007-11-03', '333334.00', '80000.00', '413334.00', '3666674.00', '0', 'Sudah'),
(14, 2, 2, '2007-12-05', '2007-11-03', '333334.00', '80000.00', '413334.00', '3333340.00', '0', 'Sudah'),
(15, 2, 3, '2008-01-05', '2007-11-03', '333334.00', '0.00', '413334.00', '3000006.00', '0', 'Sudah'),
(16, 2, 4, '2008-02-05', '2007-11-03', '333334.00', '0.00', '413334.00', '2666672.00', '0', 'Sudah'),
(17, 2, 5, '2008-03-05', '2007-11-03', '333334.00', '0.00', '413334.00', '2333338.00', '0', 'Sudah'),
(18, 2, 6, '2008-04-05', '2007-11-03', '333334.00', '0.00', '413334.00', '2000004.00', '0', 'Sudah'),
(19, 2, 7, '2008-05-05', '2007-11-03', '333334.00', '0.00', '413334.00', '1666670.00', '0', 'Sudah'),
(20, 2, 8, '2008-06-05', '2007-11-03', '333334.00', '0.00', '413334.00', '1333336.00', '0', 'Sudah'),
(21, 2, 9, '2008-07-05', '2007-11-03', '333334.00', '0.00', '413334.00', '1000002.00', '0', 'Sudah'),
(22, 2, 10, '2008-08-05', '2007-11-03', '333334.00', '0.00', '413334.00', '666668.00', '0', 'Sudah'),
(23, 2, 11, '2008-09-05', '2007-11-03', '333334.00', '0.00', '413334.00', '333334.00', '0', 'Sudah'),
(24, 2, 12, '2008-10-05', '2007-11-03', '333334.00', '0.00', '413334.00', '0.00', '0', 'Sudah');

-- --------------------------------------------------------

--
-- Table structure for table `tb_detail_tabungan`
--

CREATE TABLE IF NOT EXISTS `tb_detail_tabungan` (
  `id` int(11) NOT NULL,
  `id_tabungan` int(11) NOT NULL,
  `tanggal` date NOT NULL,
  `masuk` decimal(12,2) NOT NULL,
  `keluar` decimal(12,2) NOT NULL,
  `sandi` int(2) NOT NULL
) ENGINE=InnoDB AUTO_INCREMENT=5811 DEFAULT CHARSET=latin1;

--
-- Dumping data for table `tb_detail_tabungan`
--

INSERT INTO `tb_detail_tabungan` (`id`, `id_tabungan`, `tanggal`, `masuk`, `keluar`, `sandi`) VALUES
(1, 1, '2007-10-11', '5000000.00', '0.00', 1),
(2, 1, '2007-10-22', '0.00', '1000000.00', 2),
(3, 1, '2007-10-29', '0.00', '1000000.00', 2),
(4, 1, '2007-10-29', '15000.00', '0.00', 4),
(5, 2, '2007-11-03', '180000.00', '0.00', 1),
(6, 1, '2007-11-05', '3000000.00', '0.00', 1),
(28, 1, '2007-11-14', '0.00', '5000000.00', 2),
(54, 1, '2007-11-22', '0.00', '1000000.00', 2),
(63, 1, '2007-11-24', '20000.00', '0.00', 1),
(88, 1, '2007-11-30', '75.00', '0.00', 4),
(89, 2, '2007-11-30', '900.00', '0.00', 4),
(132, 1, '2007-12-01', '20000.00', '0.00', 1),
(145, 2, '2007-12-03', '70000.00', '0.00', 1),
(190, 1, '2007-12-15', '20000.00', '0.00', 1),
(219, 1, '2007-12-22', '20000.00', '0.00', 1),
(253, 1, '2007-12-29', '20000.00', '0.00', 1),
(256, 1, '2007-12-31', '275.38', '0.00', 4),
(257, 2, '2007-12-31', '1254.50', '0.00', 4),
(312, 1, '2008-01-05', '20000.00', '0.00', 1),
(326, 2, '2008-01-07', '50000.00', '0.00', 1),
(357, 1, '2008-01-12', '20000.00', '0.00', 1),
(387, 1, '2008-01-19', '20000.00', '0.00', 1),
(403, 2, '2008-01-22', '0.00', '100000.00', 2),
(431, 1, '2008-01-26', '20000.00', '0.00', 1),
(447, 1, '2008-01-31', '676.75', '0.00', 4),
(448, 2, '2008-01-31', '1010.78', '0.00', 4),
(515, 1, '2008-02-02', '20000.00', '0.00', 1),
(532, 1, '2008-02-05', '0.00', '200000.00', 2),
(540, 2, '2008-02-06', '100000.00', '0.00', 1),
(553, 1, '2008-02-09', '20000.00', '0.00', 1),
(573, 1, '2008-02-13', '5000000.00', '0.00', 1),
(575, 1, '2008-02-14', '4819000.00', '0.00', 1),
(576, 1, '2008-02-14', '0.00', '2000000.00', 2),
(592, 1, '2008-02-16', '20000.00', '0.00', 1),
(658, 1, '2008-02-29', '80.14', '0.00', 4),
(659, 2, '2008-02-29', '1515.83', '0.00', 4),
(737, 1, '2008-03-01', '20000.00', '0.00', 1),
(775, 1, '2008-03-08', '20000.00', '0.00', 1),
(817, 1, '2008-03-15', '20000.00', '0.00', 1),
(840, 1, '2008-03-24', '0.00', '1000000.00', 2),
(862, 1, '2008-03-29', '20000.00', '0.00', 1),
(880, 1, '2008-03-31', '34675.54', '0.00', 4),
(881, 2, '2008-03-31', '1523.41', '0.00', 4),
(966, 1, '2008-04-05', '20000.00', '0.00', 1),
(1004, 1, '2008-04-12', '20000.00', '0.00', 1),
(1034, 1, '2008-04-19', '20000.00', '0.00', 1),
(1052, 1, '2008-04-22', '0.00', '2000000.00', 2),
(1073, 1, '2008-04-26', '20000.00', '0.00', 1),
(1095, 1, '2008-04-30', '25248.92', '0.00', 4),
(1096, 2, '2008-04-30', '1531.03', '0.00', 4),
(1181, 1, '2008-05-02', '20000.00', '0.00', 1),
(1192, 1, '2008-05-05', '0.00', '500000.00', 2),
(1209, 1, '2008-05-09', '20000.00', '0.00', 1),
(1233, 1, '2008-05-12', '0.00', '2500000.00', 2),
(1257, 1, '2008-05-16', '125000.00', '0.00', 1),
(1287, 1, '2008-05-23', '20000.00', '0.00', 1),
(1328, 1, '2008-05-30', '20000.00', '0.00', 1),
(1344, 1, '2008-05-30', '10675.16', '0.00', 4),
(1345, 2, '2008-05-30', '1538.68', '0.00', 4),
(1434, 2, '2008-06-03', '100000.00', '0.00', 1),
(1459, 1, '2008-06-06', '20000.00', '0.00', 1),
(1469, 1, '2008-06-09', '3200000.00', '0.00', 1),
(1513, 1, '2008-06-13', '20000.00', '0.00', 1),
(1523, 1, '2008-06-13', '0.00', '2000000.00', 2),
(1529, 1, '2008-06-16', '0.00', '3000000.00', 2),
(1536, 1, '2008-06-18', '15000000.00', '0.00', 1),
(1544, 1, '2008-06-20', '20000.00', '0.00', 1),
(1565, 1, '2008-06-20', '0.00', '2000000.00', 2),
(1589, 1, '2008-06-27', '20000.00', '0.00', 1),
(1604, 1, '2008-06-27', '0.00', '3500000.00', 2),
(1611, 1, '2008-06-30', '2753.54', '0.00', 4),
(1612, 2, '2008-06-30', '2046.38', '0.00', 4),
(1699, 1, '2008-07-01', '0.00', '1000000.00', 2),
(1705, 1, '2008-07-03', '0.00', '2000000.00', 2),
(1719, 1, '2008-07-04', '20000.00', '0.00', 1),
(1740, 1, '2008-07-07', '0.00', '3000000.00', 2),
(1743, 1, '2008-07-08', '0.00', '1000000.00', 2),
(1763, 1, '2008-07-11', '20000.00', '0.00', 1),
(1777, 1, '2008-07-14', '0.00', '1500000.00', 2),
(1781, 1, '2008-07-15', '0.00', '1000000.00', 2),
(1794, 1, '2008-07-18', '20000.00', '0.00', 1),
(1822, 1, '2008-07-24', '0.00', '600000.00', 2),
(1854, 1, '2008-07-31', '267.31', '0.00', 4),
(1855, 2, '2008-07-31', '2056.61', '0.00', 4),
(1949, 1, '2008-08-01', '20000.00', '0.00', 1),
(1968, 1, '2008-08-04', '25000000.00', '0.00', 1),
(1973, 1, '2008-08-06', '0.00', '5000000.00', 2),
(1985, 1, '2008-08-08', '20000.00', '0.00', 1),
(1998, 1, '2008-08-08', '0.00', '5000000.00', 2),
(2025, 1, '2008-08-15', '20000.00', '0.00', 1),
(2046, 1, '2008-08-20', '0.00', '15000000.00', 2),
(2057, 1, '2008-08-22', '31600.00', '0.00', 1),
(2096, 1, '2008-08-29', '20000.00', '0.00', 1),
(2110, 1, '2008-08-29', '368.64', '0.00', 4),
(2111, 2, '2008-08-29', '2066.89', '0.00', 4),
(2240, 1, '2008-09-12', '20000.00', '0.00', 1),
(2271, 1, '2008-09-19', '20000.00', '0.00', 1),
(2306, 1, '2008-09-26', '928.49', '0.00', 4),
(2307, 2, '2008-09-26', '2077.22', '0.00', 4),
(2402, 2, '2008-10-09', '100000.00', '0.00', 1),
(2411, 1, '2008-10-10', '20000.00', '0.00', 1),
(2444, 1, '2008-10-17', '20000.00', '0.00', 1),
(2507, 1, '2008-10-31', '20000.00', '0.00', 1),
(2522, 1, '2008-10-31', '1133.13', '0.00', 4),
(2523, 2, '2008-10-31', '2587.61', '0.00', 4),
(2615, 2, '2008-11-03', '60000.00', '0.00', 1),
(2640, 1, '2008-11-07', '20000.00', '0.00', 1),
(2674, 1, '2008-11-14', '20000.00', '0.00', 1),
(2699, 1, '2008-11-21', '20000.00', '0.00', 1),
(2723, 1, '2008-11-28', '20000.00', '0.00', 1),
(2739, 1, '2008-11-28', '1438.79', '0.00', 4),
(2740, 2, '2008-11-28', '2900.55', '0.00', 4),
(2834, 2, '2008-12-03', '100000.00', '0.00', 1),
(2857, 1, '2008-12-12', '20000.00', '0.00', 1),
(2885, 1, '2008-12-19', '20000.00', '0.00', 1),
(2908, 1, '2008-12-26', '20000.00', '0.00', 1),
(2926, 1, '2008-12-31', '1845.99', '0.00', 4),
(2927, 2, '2008-12-31', '3415.06', '0.00', 4),
(3021, 2, '2009-01-05', '50000.00', '0.00', 1),
(3041, 1, '2009-01-09', '20000.00', '0.00', 1),
(3148, 1, '2009-01-30', '20000.00', '0.00', 1),
(3159, 1, '2009-01-30', '2155.22', '0.00', 4),
(3160, 2, '2009-01-30', '3682.13', '0.00', 4),
(3274, 1, '2009-02-06', '20000.00', '0.00', 1),
(3302, 1, '2009-02-13', '20000.00', '0.00', 1),
(3328, 1, '2009-02-20', '20000.00', '0.00', 1),
(3354, 1, '2009-02-27', '20000.00', '0.00', 1),
(3372, 1, '2009-02-27', '2365.99', '0.00', 4),
(3373, 2, '2009-02-27', '3700.54', '0.00', 4),
(3480, 2, '2009-03-11', '50000.00', '0.00', 1),
(3491, 1, '2009-03-13', '20000.00', '0.00', 1),
(3510, 1, '2009-03-20', '20000.00', '0.00', 1),
(3539, 1, '2009-03-27', '20000.00', '0.00', 1),
(3556, 1, '2009-03-31', '2777.82', '0.00', 4),
(3557, 2, '2009-03-31', '3969.05', '0.00', 4),
(3668, 1, '2009-04-03', '20000.00', '0.00', 1),
(3689, 2, '2009-04-13', '0.00', '400000.00', 2),
(3715, 1, '2009-04-17', '20000.00', '0.00', 1),
(3718, 2, '2009-04-20', '500000.00', '0.00', 1),
(3732, 1, '2009-04-24', '20000.00', '0.00', 1),
(3749, 2, '2009-04-27', '0.00', '870000.00', 2),
(3758, 1, '2009-04-30', '3091.71', '0.00', 4),
(3759, 2, '2009-04-30', '138.89', '0.00', 4),
(3864, 1, '2009-05-01', '20000.00', '0.00', 1),
(3886, 1, '2009-05-08', '20000.00', '0.00', 1),
(3905, 1, '2009-05-08', '0.00', '700000.00', 2),
(3907, 1, '2009-05-08', '30000.00', '0.00', 1),
(3924, 1, '2009-05-15', '20000.00', '0.00', 1),
(3943, 1, '2009-05-22', '20000.00', '0.00', 1),
(3975, 1, '2009-05-29', '20000.00', '0.00', 1),
(3980, 1, '2009-05-29', '7.17', '0.00', 4),
(3981, 2, '2009-05-29', '139.58', '0.00', 4),
(4099, 1, '2009-06-05', '20000.00', '0.00', 1),
(4121, 1, '2009-06-12', '20000.00', '0.00', 1),
(4140, 1, '2009-06-19', '20000.00', '0.00', 1),
(4174, 1, '2009-06-30', '557.21', '0.00', 4),
(4175, 2, '2009-06-30', '140.28', '0.00', 4),
(4292, 1, '2009-07-03', '20000.00', '0.00', 1),
(4310, 1, '2009-07-10', '20000.00', '0.00', 1),
(4336, 1, '2009-07-17', '20000.00', '0.00', 1),
(4384, 1, '2009-07-31', '20000.00', '0.00', 1),
(4388, 1, '2009-07-31', '859.99', '0.00', 4),
(4389, 2, '2009-07-31', '140.98', '0.00', 4),
(4511, 1, '2009-08-07', '20000.00', '0.00', 1),
(4536, 1, '2009-08-14', '20000.00', '0.00', 1),
(4556, 1, '2009-08-21', '20000.00', '0.00', 1),
(4577, 1, '2009-08-28', '20000.00', '0.00', 1),
(4588, 1, '2009-08-31', '1264.29', '0.00', 4),
(4589, 2, '2009-08-31', '141.69', '0.00', 4),
(4702, 1, '2009-09-04', '20000.00', '0.00', 1),
(4750, 1, '2009-09-30', '1670.61', '0.00', 4),
(4751, 2, '2009-09-30', '142.40', '0.00', 4),
(4878, 1, '2009-10-09', '20000.00', '0.00', 1),
(4899, 1, '2009-10-16', '20000.00', '0.00', 1),
(4932, 1, '2009-10-30', '1778.97', '0.00', 4),
(4933, 2, '2009-10-30', '143.11', '0.00', 4),
(5069, 1, '2009-11-30', '1887.86', '0.00', 4),
(5070, 2, '2009-11-30', '143.82', '0.00', 4),
(5222, 1, '2009-12-31', '1897.30', '0.00', 4),
(5223, 2, '2009-12-31', '144.54', '0.00', 4),
(5365, 1, '2010-01-29', '1906.79', '0.00', 4),
(5366, 2, '2010-01-29', '145.27', '0.00', 4),
(5489, 1, '2010-02-05', '20000.00', '0.00', 1),
(5501, 1, '2010-02-12', '20000.00', '0.00', 1),
(5522, 1, '2010-02-25', '2016.32', '0.00', 4),
(5523, 2, '2010-02-25', '145.99', '0.00', 4),
(5646, 1, '2010-03-05', '25000.00', '0.00', 1),
(5684, 1, '2010-03-26', '25000.00', '0.00', 1),
(5690, 1, '2010-03-31', '2251.40', '0.00', 4),
(5691, 2, '2010-03-31', '146.72', '0.00', 4),
(5808, 2, '2010-04-07', '100000.00', '0.00', 1),
(5809, 3, '2016-08-03', '450000.00', '0.00', 1),
(5810, 3, '2016-08-03', '250000.00', '0.00', 1);

-- --------------------------------------------------------

--
-- Table structure for table `tb_durasi_kredit`
--

CREATE TABLE IF NOT EXISTS `tb_durasi_kredit` (
  `no_durasi` int(2) NOT NULL,
  `durasi` varchar(2) NOT NULL
) ENGINE=InnoDB AUTO_INCREMENT=18 DEFAULT CHARSET=latin1;

--
-- Dumping data for table `tb_durasi_kredit`
--

INSERT INTO `tb_durasi_kredit` (`no_durasi`, `durasi`) VALUES
(1, '1'),
(2, '2'),
(3, '3'),
(4, '4'),
(5, '5'),
(6, '6'),
(7, '7'),
(8, '8'),
(9, '9'),
(10, '10'),
(11, '11'),
(12, '12'),
(13, '18'),
(14, '24'),
(15, '36'),
(16, '48'),
(17, '60');

-- --------------------------------------------------------

--
-- Table structure for table `tb_grant_privileges`
--

CREATE TABLE IF NOT EXISTS `tb_grant_privileges` (
  `id` int(11) NOT NULL,
  `id_user_group` int(11) NOT NULL,
  `id_privileges` int(11) NOT NULL
) ENGINE=InnoDB AUTO_INCREMENT=20 DEFAULT CHARSET=latin1;

--
-- Dumping data for table `tb_grant_privileges`
--

INSERT INTO `tb_grant_privileges` (`id`, `id_user_group`, `id_privileges`) VALUES
(1, 1, 1),
(2, 1, 2),
(3, 1, 3),
(4, 1, 4),
(5, 1, 5),
(6, 1, 6),
(7, 1, 7),
(8, 1, 8),
(9, 1, 9),
(10, 1, 10),
(11, 1, 11),
(12, 1, 12),
(13, 1, 13),
(14, 1, 14),
(15, 1, 15),
(16, 1, 16),
(17, 1, 17),
(18, 1, 18),
(19, 1, 19);

-- --------------------------------------------------------

--
-- Table structure for table `tb_institusi`
--

CREATE TABLE IF NOT EXISTS `tb_institusi` (
  `id` int(11) NOT NULL,
  `nama` text NOT NULL,
  `alamat` text NOT NULL,
  `provinsi` text NOT NULL,
  `kabupaten` text NOT NULL,
  `kecamatan` text NOT NULL,
  `kelurahan` text NOT NULL,
  `kepala` text NOT NULL,
  `telp` varchar(50) NOT NULL,
  `fax` varchar(50) NOT NULL
) ENGINE=InnoDB AUTO_INCREMENT=2 DEFAULT CHARSET=latin1;

--
-- Dumping data for table `tb_institusi`
--

INSERT INTO `tb_institusi` (`id`, `nama`, `alamat`, `provinsi`, `kabupaten`, `kecamatan`, `kelurahan`, `kepala`, `telp`, `fax`) VALUES
(1, 'Artha Jaya', 'Jl. XXX', 'Aceh', 'Lokseumawe', 'Lokseumawe', '', '', '', '');

-- --------------------------------------------------------

--
-- Table structure for table `tb_jasa`
--

CREATE TABLE IF NOT EXISTS `tb_jasa` (
  `no_jasa` int(11) NOT NULL,
  `jenis` varchar(1) NOT NULL,
  `jasa` varchar(3) NOT NULL
) ENGINE=InnoDB AUTO_INCREMENT=3 DEFAULT CHARSET=latin1;

--
-- Dumping data for table `tb_jasa`
--

INSERT INTO `tb_jasa` (`no_jasa`, `jenis`, `jasa`) VALUES
(1, '1', '2'),
(2, '2', '3');

-- --------------------------------------------------------

--
-- Table structure for table `tb_jenis_transaksi`
--

CREATE TABLE IF NOT EXISTS `tb_jenis_transaksi` (
  `id` int(11) NOT NULL,
  `nama` varchar(50) NOT NULL,
  `jenis` enum('Pemasukkan','Pengeluaran','Mutasi') DEFAULT NULL
) ENGINE=InnoDB AUTO_INCREMENT=12 DEFAULT CHARSET=latin1;

--
-- Dumping data for table `tb_jenis_transaksi`
--

INSERT INTO `tb_jenis_transaksi` (`id`, `nama`, `jenis`) VALUES
(1, 'Gaji Karyawan', 'Pengeluaran'),
(2, 'Alat Tulis Kantor', 'Pengeluaran'),
(3, 'Perlengkapan Kantor', 'Pengeluaran'),
(4, 'Konsumsi', 'Pengeluaran'),
(5, 'Koran', 'Pengeluaran'),
(6, 'Perjalanan Dinas', 'Pengeluaran'),
(7, 'Listrik', 'Pengeluaran'),
(8, 'Sumbangan', 'Pengeluaran'),
(9, 'Telepon', 'Pengeluaran'),
(10, 'Lain-lain', 'Pengeluaran'),
(11, 'Modal', 'Pemasukkan');

-- --------------------------------------------------------

--
-- Table structure for table `tb_kas_koperasi`
--

CREATE TABLE IF NOT EXISTS `tb_kas_koperasi` (
  `no_kas` int(9) NOT NULL,
  `tanggal` date NOT NULL,
  `sisa_kas_total` varchar(12) NOT NULL,
  `penambahan_kas` varchar(15) NOT NULL
) ENGINE=InnoDB AUTO_INCREMENT=615 DEFAULT CHARSET=latin1 ROW_FORMAT=DYNAMIC;

--
-- Dumping data for table `tb_kas_koperasi`
--

INSERT INTO `tb_kas_koperasi` (`no_kas`, `tanggal`, `sisa_kas_total`, `penambahan_kas`) VALUES
(2, '2007-10-03', '435000000', ''),
(3, '2007-10-04', '434579375', ''),
(4, '2007-10-05', '411311875', ''),
(5, '2007-10-08', '408370175', ''),
(6, '2007-10-11', '413370175', ''),
(7, '2007-10-17', '411441175', ''),
(8, '2007-10-18', '412941075', ''),
(9, '2007-10-19', '400352075', ''),
(10, '2007-10-22', '399349575', ''),
(11, '2007-10-23', '396450575', ''),
(12, '2007-10-24', '393551575', ''),
(13, '2007-10-26', '381650242', ''),
(14, '2007-10-27', '378751242', ''),
(15, '2007-10-29', '377751242', ''),
(16, '2007-11-02', '374799742', ''),
(17, '2007-11-03', '379135950', ''),
(18, '2007-11-05', '352198950', ''),
(19, '2007-11-06', '348390950', ''),
(20, '2007-11-07', '347208950', ''),
(21, '2007-11-08', '342804950', ''),
(22, '2007-11-09', '343089950', ''),
(23, '2007-11-12', '330858250', ''),
(24, '2007-11-13', '328926250', ''),
(25, '2007-11-14', '267217417', ''),
(26, '2007-11-16', '265388417', ''),
(27, '2007-11-17', '266048417', ''),
(28, '2007-11-19', '260951917', ''),
(29, '2007-11-20', '262255167', ''),
(30, '2007-11-21', '259356167', ''),
(31, '2007-11-22', '258704501', ''),
(32, '2007-11-23', '257215501', ''),
(33, '2007-11-24', '257825501', ''),
(34, '2007-11-26', '256062101', ''),
(35, '2007-11-27', '252792101', ''),
(36, '2007-11-30', '253207601', ''),
(37, '2007-12-01', '254404101', ''),
(38, '2007-12-03', '254812768', ''),
(39, '2007-12-05', '256420969', ''),
(40, '2007-12-06', '256620736', ''),
(41, '2007-12-07', '256890736', ''),
(42, '2007-12-08', '257530736', ''),
(43, '2007-12-10', '248305404', ''),
(44, '2007-12-12', '248890405', ''),
(45, '2007-12-13', '266934850', ''),
(46, '2007-12-14', '264035850', ''),
(47, '2007-12-15', '264825850', ''),
(48, '2007-12-17', '265563962', ''),
(49, '2007-12-18', '263819962', ''),
(50, '2007-12-21', '266604962', ''),
(51, '2007-12-22', '267696296', ''),
(52, '2007-12-24', '263019798', ''),
(53, '2007-12-26', '260767465', ''),
(54, '2007-12-28', '258831799', ''),
(55, '2007-12-29', '259362299', ''),
(56, '2007-12-31', '265725299', ''),
(57, '2008-01-01', '268132411', ''),
(58, '2008-01-04', '263800411', ''),
(59, '2008-01-05', '269815411', ''),
(60, '2008-01-07', '266755572', ''),
(61, '2008-01-08', '279855572', ''),
(62, '2008-01-09', '291267406', ''),
(63, '2008-01-11', '304345074', ''),
(64, '2008-01-12', '306983242', ''),
(65, '2008-01-14', '306467437', ''),
(66, '2008-01-15', '302659437', ''),
(67, '2008-01-16', '303890937', ''),
(68, '2008-01-18', '302256522', ''),
(69, '2008-01-19', '303961222', ''),
(70, '2008-01-21', '296650056', ''),
(71, '2008-01-22', '297443556', ''),
(72, '2008-01-23', '289110556', ''),
(73, '2008-01-24', '289345556', ''),
(74, '2008-01-25', '289448057', ''),
(75, '2008-01-26', '286739893', ''),
(76, '2008-01-28', '262346893', ''),
(77, '2008-01-30', '250729893', ''),
(78, '2008-01-31', '243815893', ''),
(79, '2008-02-01', '245052560', ''),
(80, '2008-02-02', '245212060', ''),
(81, '2008-02-04', '248021951', ''),
(82, '2008-02-05', '244707951', ''),
(83, '2008-02-06', '244999618', ''),
(84, '2008-02-08', '247198418', ''),
(85, '2008-02-09', '247642588', ''),
(86, '2008-02-11', '250297758', ''),
(87, '2008-02-13', '248603092', ''),
(88, '2008-02-14', '265174037', ''),
(89, '2008-02-15', '265615037', ''),
(90, '2008-02-16', '267750318', ''),
(91, '2008-02-18', '268065318', ''),
(92, '2008-02-19', '262952032', ''),
(93, '2008-02-20', '263843366', ''),
(94, '2008-02-22', '268278382', ''),
(95, '2008-02-23', '287959049', ''),
(96, '2008-02-25', '288717801', ''),
(97, '2008-02-26', '287285801', ''),
(98, '2008-02-27', '287689135', ''),
(99, '2008-02-29', '286225703', ''),
(100, '2008-03-01', '286639453', ''),
(101, '2008-03-03', '285039621', ''),
(102, '2008-03-04', '287514872', ''),
(103, '2008-03-05', '289446039', ''),
(104, '2008-03-06', '290317596', ''),
(105, '2008-03-08', '292361208', ''),
(106, '2008-03-10', '292558708', ''),
(107, '2008-03-11', '287988242', ''),
(108, '2008-03-12', '288883356', ''),
(109, '2008-03-14', '289674357', ''),
(110, '2008-03-15', '290793469', ''),
(111, '2008-03-17', '290480538', ''),
(112, '2008-03-18', '283706938', ''),
(113, '2008-03-19', '293690279', ''),
(114, '2008-03-22', '293351279', ''),
(115, '2008-03-24', '289141279', ''),
(116, '2008-03-25', '288710895', ''),
(117, '2008-03-26', '295338982', ''),
(118, '2008-03-27', '287579982', ''),
(119, '2008-03-29', '285883178', ''),
(120, '2008-03-31', '287204013', ''),
(121, '2008-04-01', '288034847', ''),
(122, '2008-04-02', '275211292', ''),
(123, '2008-04-03', '273248459', ''),
(124, '2008-04-04', '270204459', ''),
(125, '2008-04-05', '271346959', ''),
(126, '2008-04-07', '270018796', ''),
(127, '2008-04-09', '268293796', ''),
(128, '2008-04-10', '275558719', ''),
(129, '2008-04-11', '278402387', ''),
(130, '2008-04-12', '280806002', ''),
(131, '2008-04-14', '284043785', ''),
(132, '2008-04-15', '282463119', ''),
(133, '2008-04-16', '278175119', ''),
(134, '2008-04-17', '279006372', ''),
(135, '2008-04-18', '279479152', ''),
(136, '2008-04-19', '280540464', ''),
(137, '2008-04-21', '281405881', ''),
(138, '2008-04-22', '278352718', ''),
(139, '2008-04-23', '279358139', ''),
(140, '2008-04-24', '273367889', ''),
(141, '2008-04-25', '270430974', ''),
(142, '2008-04-26', '269945559', ''),
(143, '2008-04-28', '270381671', ''),
(144, '2008-04-29', '269755006', ''),
(145, '2008-04-30', '271671955', ''),
(146, '2008-05-02', '272844455', ''),
(147, '2008-05-05', '255168238', ''),
(148, '2008-05-06', '252664655', ''),
(149, '2008-05-07', '253472989', ''),
(150, '2008-05-08', '254441117', ''),
(151, '2008-05-09', '255317852', ''),
(152, '2008-05-12', '258016582', ''),
(153, '2008-05-13', '257866029', ''),
(154, '2008-05-14', '256843281', ''),
(155, '2008-05-15', '255014783', ''),
(156, '2008-05-16', '254672143', ''),
(157, '2008-05-19', '241192893', ''),
(158, '2008-05-21', '240710564', ''),
(159, '2008-05-22', '249602234', ''),
(160, '2008-05-23', '245903234', ''),
(161, '2008-05-26', '242521962', ''),
(162, '2008-05-27', '246810574', ''),
(163, '2008-05-29', '247498497', ''),
(164, '2008-05-30', '249526276', ''),
(165, '2008-06-02', '246608676', ''),
(166, '2008-06-03', '245919676', ''),
(167, '2008-06-04', '244311538', ''),
(168, '2008-06-05', '242252539', ''),
(169, '2008-06-06', '244409624', ''),
(170, '2008-06-09', '249213752', ''),
(171, '2008-06-10', '249560032', ''),
(172, '2008-06-11', '250854117', ''),
(173, '2008-06-12', '246944729', ''),
(174, '2008-06-13', '246579788', ''),
(175, '2008-06-16', '244288289', ''),
(176, '2008-06-17', '247070127', ''),
(177, '2008-06-18', '262487905', ''),
(178, '2008-06-19', '264089916', ''),
(179, '2008-06-20', '263956252', ''),
(180, '2008-06-23', '266200562', ''),
(181, '2008-06-24', '266954316', ''),
(182, '2008-06-25', '265573316', ''),
(183, '2008-06-26', '263014316', ''),
(184, '2008-06-27', '260750983', ''),
(185, '2008-06-30', '262863772', ''),
(186, '2008-07-01', '256945772', ''),
(187, '2008-07-02', '257777440', ''),
(188, '2008-07-03', '252330774', ''),
(189, '2008-07-04', '253723429', ''),
(190, '2008-07-07', '244593737', ''),
(191, '2008-07-08', '244112349', ''),
(192, '2008-07-09', '245910640', ''),
(193, '2008-07-10', '241870419', ''),
(194, '2008-07-11', '252204202', ''),
(195, '2008-07-14', '251259621', ''),
(196, '2008-07-15', '235582873', ''),
(197, '2008-07-16', '230083874', ''),
(198, '2008-07-17', '227583874', ''),
(199, '2008-07-18', '220368393', ''),
(200, '2008-07-21', '221742990', ''),
(201, '2008-07-22', '222440768', ''),
(202, '2008-07-23', '222745768', ''),
(203, '2008-07-24', '220061768', ''),
(204, '2008-07-25', '219499436', ''),
(205, '2008-07-28', '216848354', ''),
(206, '2008-07-29', '216930301', ''),
(207, '2008-07-31', '218580440', ''),
(208, '2008-08-01', '216763024', ''),
(209, '2008-08-04', '243115108', ''),
(210, '2008-08-05', '247379553', ''),
(211, '2008-08-06', '239670556', ''),
(212, '2008-08-07', '238132558', ''),
(213, '2008-08-08', '239113670', ''),
(214, '2008-08-11', '226801604', ''),
(215, '2008-08-12', '243319498', ''),
(216, '2008-08-13', '247071335', ''),
(217, '2008-08-14', '245729002', ''),
(218, '2008-08-15', '247819230', ''),
(219, '2008-08-19', '245003365', ''),
(220, '2008-08-20', '232957811', ''),
(221, '2008-08-21', '232732196', ''),
(222, '2008-08-22', '239643796', ''),
(223, '2008-08-25', '221872150', ''),
(224, '2008-08-26', '223114373', ''),
(225, '2008-08-27', '220623986', ''),
(226, '2008-08-28', '215712486', ''),
(227, '2008-08-29', '224283754', ''),
(228, '2008-09-01', '223179299', ''),
(229, '2008-09-02', '216047667', ''),
(230, '2008-09-03', '214376448', ''),
(231, '2008-09-04', '215306229', ''),
(232, '2008-09-05', '216646229', ''),
(233, '2008-09-08', '221466817', ''),
(234, '2008-09-09', '221899901', ''),
(235, '2008-09-10', '219387569', ''),
(236, '2008-09-11', '231286629', ''),
(237, '2008-09-12', '232540526', ''),
(238, '2008-09-15', '238661143', ''),
(239, '2008-09-16', '241715651', ''),
(240, '2008-09-17', '231288545', ''),
(241, '2008-09-18', '231997712', ''),
(242, '2008-09-19', '232543964', ''),
(243, '2008-09-22', '231505598', ''),
(244, '2008-09-23', '232245598', ''),
(245, '2008-09-24', '233348932', ''),
(246, '2008-09-25', '206254768', ''),
(247, '2008-09-26', '205217436', ''),
(248, '2008-10-06', '210948690', ''),
(249, '2008-10-07', '212471608', ''),
(250, '2008-10-08', '210971641', ''),
(251, '2008-10-09', '213968591', ''),
(252, '2008-10-10', '219705598', ''),
(253, '2008-10-13', '220378792', ''),
(254, '2008-10-14', '221851856', ''),
(255, '2008-10-15', '216401193', ''),
(256, '2008-10-16', '215038028', ''),
(257, '2008-10-17', '221311267', ''),
(258, '2008-10-20', '215300934', ''),
(259, '2008-10-21', '218800934', ''),
(260, '2008-10-22', '224097603', ''),
(261, '2008-10-23', '226108603', ''),
(262, '2008-10-24', '228722692', ''),
(263, '2008-10-27', '212924835', ''),
(264, '2008-10-28', '211974585', ''),
(265, '2008-10-29', '213141534', ''),
(266, '2008-10-30', '213447786', ''),
(267, '2008-10-31', '211210667', ''),
(268, '2008-11-03', '221456919', ''),
(269, '2008-11-04', '218688810', ''),
(270, '2008-11-05', '218527810', ''),
(271, '2008-11-06', '217952144', ''),
(272, '2008-11-07', '221731530', ''),
(273, '2008-11-10', '219712880', ''),
(274, '2008-11-11', '223221050', ''),
(275, '2008-11-12', '219679208', ''),
(276, '2008-11-13', '218615212', ''),
(277, '2008-11-14', '217711074', ''),
(278, '2008-11-17', '218046125', ''),
(279, '2008-11-18', '221448907', ''),
(280, '2008-11-19', '218196574', ''),
(281, '2008-11-20', '215261829', ''),
(282, '2008-11-21', '213586829', ''),
(283, '2008-11-24', '210843042', ''),
(284, '2008-11-25', '208893180', ''),
(285, '2008-11-26', '212309847', ''),
(286, '2008-11-27', '208480404', ''),
(287, '2008-11-28', '254623257', ''),
(288, '2008-12-01', '241015787', ''),
(289, '2008-12-02', '239290121', ''),
(290, '2008-12-03', '240896233', ''),
(291, '2008-12-04', '243167346', ''),
(292, '2008-12-05', '243777280', ''),
(293, '2008-12-09', '249550206', ''),
(294, '2008-12-10', '249844791', ''),
(295, '2008-12-11', '252946822', ''),
(296, '2008-12-12', '254569673', ''),
(297, '2008-12-15', '253194957', ''),
(298, '2008-12-16', '243818374', ''),
(299, '2008-12-17', '242159792', ''),
(300, '2008-12-18', '241200242', ''),
(301, '2008-12-19', '240095939', ''),
(302, '2008-12-22', '236304162', ''),
(303, '2008-12-23', '240105178', ''),
(304, '2008-12-24', '243231298', ''),
(305, '2008-12-26', '241824711', ''),
(306, '2008-12-30', '245694619', ''),
(307, '2008-12-31', '233874176', ''),
(308, '2009-01-05', '225811794', ''),
(309, '2009-01-06', '241452211', ''),
(310, '2009-01-07', '239264602', ''),
(311, '2009-01-08', '240274938', ''),
(312, '2009-01-09', '242167333', ''),
(313, '2009-01-12', '242615866', ''),
(314, '2009-01-13', '245809952', ''),
(315, '2009-01-14', '241693899', ''),
(316, '2009-01-15', '234103566', ''),
(317, '2009-01-16', '234946138', ''),
(318, '2009-01-19', '235745106', ''),
(319, '2009-01-20', '233641193', ''),
(320, '2009-01-21', '243154361', ''),
(321, '2009-01-22', '243663796', ''),
(322, '2009-01-23', '250391400', ''),
(323, '2009-01-27', '247576995', ''),
(324, '2009-01-28', '249090537', ''),
(325, '2009-01-30', '249962624', ''),
(326, '2009-02-02', '241679404', ''),
(327, '2009-02-03', '238310003', ''),
(328, '2009-02-04', '230555338', ''),
(329, '2009-02-05', '230757283', ''),
(330, '2009-02-06', '232146718', ''),
(331, '2009-02-09', '219666534', ''),
(332, '2009-02-10', '216168285', ''),
(333, '2009-02-11', '216255285', ''),
(334, '2009-02-12', '217230621', ''),
(335, '2009-02-13', '220081181', ''),
(336, '2009-02-16', '222943133', ''),
(337, '2009-02-17', '250529560', ''),
(338, '2009-02-18', '249082576', ''),
(339, '2009-02-19', '246686386', ''),
(340, '2009-02-20', '228760053', ''),
(341, '2009-02-23', '229913637', ''),
(342, '2009-02-24', '227175055', ''),
(343, '2009-02-25', '226158389', ''),
(344, '2009-02-26', '226598390', ''),
(345, '2009-02-27', '228856729', ''),
(346, '2009-03-02', '222730651', ''),
(347, '2009-03-03', '223416736', ''),
(348, '2009-03-04', '224510349', ''),
(349, '2009-03-05', '225263268', ''),
(350, '2009-03-06', '218418103', ''),
(351, '2009-03-10', '211820917', ''),
(352, '2009-03-11', '218267341', ''),
(353, '2009-03-12', '208234841', ''),
(354, '2009-03-13', '205737287', ''),
(355, '2009-03-16', '207139131', ''),
(356, '2009-03-17', '198780132', ''),
(357, '2009-03-18', '198730550', ''),
(358, '2009-03-19', '199594718', ''),
(359, '2009-03-20', '199074501', ''),
(360, '2009-03-23', '219047672', ''),
(361, '2009-03-24', '220177840', ''),
(362, '2009-03-25', '218179027', ''),
(363, '2009-03-27', '221907699', ''),
(364, '2009-03-30', '214375929', ''),
(365, '2009-03-31', '220983598', ''),
(366, '2009-04-01', '206904598', ''),
(367, '2009-04-02', '233903351', ''),
(368, '2009-04-03', '236031815', ''),
(369, '2009-04-06', '234556012', ''),
(370, '2009-04-07', '231778542', ''),
(371, '2009-04-08', '230431504', ''),
(372, '2009-04-13', '231475425', ''),
(373, '2009-04-14', '223148708', ''),
(374, '2009-04-15', '219250824', ''),
(375, '2009-04-16', '217894111', ''),
(376, '2009-04-17', '215280111', ''),
(377, '2009-04-20', '215858684', ''),
(378, '2009-04-21', '212395854', ''),
(379, '2009-04-22', '210968143', ''),
(380, '2009-04-23', '211583899', ''),
(381, '2009-04-24', '213491818', ''),
(382, '2009-04-27', '214926910', ''),
(383, '2009-04-28', '216581911', ''),
(384, '2009-04-29', '217257884', ''),
(385, '2009-04-30', '227175168', ''),
(386, '2009-05-01', '229503252', ''),
(387, '2009-05-04', '233097923', ''),
(388, '2009-05-05', '230763119', ''),
(389, '2009-05-06', '231126347', ''),
(390, '2009-05-07', '232299682', ''),
(391, '2009-05-08', '234078016', ''),
(392, '2009-05-11', '236122049', ''),
(393, '2009-05-12', '242647547', ''),
(394, '2009-05-13', '241765257', ''),
(395, '2009-05-14', '242472897', ''),
(396, '2009-05-15', '244426900', ''),
(397, '2009-05-18', '197561517', ''),
(398, '2009-05-19', '198481190', ''),
(399, '2009-05-20', '196768024', ''),
(400, '2009-05-22', '198480858', ''),
(401, '2009-05-25', '194517753', ''),
(402, '2009-05-26', '195954842', ''),
(403, '2009-05-27', '199799018', ''),
(404, '2009-05-28', '204854400', ''),
(405, '2009-05-29', '191430007', ''),
(406, '2009-06-01', '182753259', ''),
(407, '2009-06-02', '179882596', ''),
(408, '2009-06-03', '188828572', ''),
(409, '2009-06-04', '186155572', ''),
(410, '2009-06-05', '187748354', ''),
(411, '2009-06-08', '185911574', ''),
(412, '2009-06-09', '185318241', ''),
(413, '2009-06-10', '180865409', ''),
(414, '2009-06-11', '184705159', ''),
(415, '2009-06-12', '185525160', ''),
(416, '2009-06-15', '184125584', ''),
(417, '2009-06-16', '184401834', ''),
(418, '2009-06-17', '182011169', ''),
(419, '2009-06-18', '181702169', ''),
(420, '2009-06-19', '187363316', ''),
(421, '2009-06-22', '194509529', ''),
(422, '2009-06-23', '191092813', ''),
(423, '2009-06-24', '196112822', ''),
(424, '2009-06-25', '193603015', ''),
(425, '2009-06-26', '195389682', ''),
(426, '2009-06-29', '199594135', ''),
(427, '2009-06-30', '189157642', ''),
(428, '2009-07-01', '190795283', ''),
(429, '2009-07-02', '188360645', ''),
(430, '2009-07-03', '175809452', ''),
(431, '2009-07-06', '171194649', ''),
(432, '2009-07-07', '172280630', ''),
(433, '2009-07-09', '170492675', ''),
(434, '2009-07-10', '171513510', ''),
(435, '2009-07-13', '179032404', ''),
(436, '2009-07-14', '159076492', ''),
(437, '2009-07-15', '158876492', ''),
(438, '2009-07-16', '160658928', ''),
(439, '2009-07-17', '160928928', ''),
(440, '2009-07-21', '167760634', ''),
(441, '2009-07-22', '167641755', ''),
(442, '2009-07-23', '166857755', ''),
(443, '2009-07-24', '179969008', ''),
(444, '2009-07-27', '188104654', ''),
(445, '2009-07-28', '189213322', ''),
(446, '2009-07-29', '189637907', ''),
(447, '2009-07-30', '186731454', ''),
(448, '2009-07-31', '189929795', ''),
(449, '2009-08-03', '189465251', ''),
(450, '2009-08-04', '189393006', ''),
(451, '2009-08-05', '186704438', ''),
(452, '2009-08-06', '182969107', ''),
(453, '2009-08-07', '184150209', ''),
(454, '2009-08-10', '188070112', ''),
(455, '2009-08-11', '212482948', ''),
(456, '2009-08-12', '210188343', ''),
(457, '2009-08-13', '210795011', ''),
(458, '2009-08-14', '213544136', ''),
(459, '2009-08-18', '259511158', ''),
(460, '2009-08-19', '261416328', ''),
(461, '2009-08-20', '263776330', ''),
(462, '2009-08-21', '268675499', ''),
(463, '2009-08-24', '267047334', ''),
(464, '2009-08-25', '267572335', ''),
(465, '2009-08-26', '271500814', ''),
(466, '2009-08-27', '272628316', ''),
(467, '2009-08-28', '274657836', ''),
(468, '2009-08-31', '281030621', ''),
(469, '2009-09-01', '281414401', ''),
(470, '2009-09-02', '284940736', ''),
(471, '2009-09-03', '284340736', ''),
(472, '2009-09-04', '281147849', ''),
(473, '2009-09-07', '278125358', ''),
(474, '2009-09-08', '278722474', ''),
(475, '2009-09-09', '278327224', ''),
(476, '2009-09-10', '278626391', ''),
(477, '2009-09-11', '335324316', ''),
(478, '2009-09-14', '331236156', ''),
(479, '2009-09-15', '222303420', ''),
(480, '2009-09-16', '223322033', ''),
(481, '2009-09-17', '214981924', ''),
(482, '2009-09-28', '216820213', ''),
(483, '2009-09-29', '229576559', ''),
(484, '2009-09-30', '236951709', ''),
(485, '2009-10-01', '239076711', ''),
(486, '2009-10-02', '239396052', ''),
(487, '2009-10-05', '239788917', ''),
(488, '2009-10-06', '243202807', ''),
(489, '2009-10-07', '238450141', ''),
(490, '2009-10-08', '235810891', ''),
(491, '2009-10-09', '243342559', ''),
(492, '2009-10-12', '238386815', ''),
(493, '2009-10-13', '239758652', ''),
(494, '2009-10-14', '240329935', ''),
(495, '2009-10-15', '260821685', ''),
(496, '2009-10-16', '266246121', ''),
(497, '2009-10-19', '263652540', ''),
(498, '2009-10-20', '264838794', ''),
(499, '2009-10-21', '264305212', ''),
(500, '2009-10-22', '265648834', ''),
(501, '2009-10-23', '265753726', ''),
(502, '2009-10-26', '268299175', ''),
(503, '2009-10-27', '271774040', ''),
(504, '2009-10-28', '272367042', ''),
(505, '2009-10-29', '274573709', ''),
(506, '2009-10-30', '277560897', ''),
(507, '2009-11-02', '266368013', ''),
(508, '2009-11-03', '251623906', ''),
(509, '2009-11-04', '242923662', ''),
(510, '2009-11-05', '243654775', ''),
(511, '2009-11-06', '243180781', ''),
(512, '2009-11-09', '240347509', ''),
(513, '2009-11-10', '240974011', ''),
(514, '2009-11-11', '236158519', ''),
(515, '2009-11-12', '228098855', ''),
(516, '2009-11-13', '226618189', ''),
(517, '2009-11-16', '234546385', ''),
(518, '2009-11-17', '232709886', ''),
(519, '2009-11-18', '227860886', ''),
(520, '2009-11-19', '242304380', ''),
(521, '2009-11-20', '247856061', ''),
(522, '2009-11-23', '246168597', ''),
(523, '2009-11-24', '247933350', ''),
(524, '2009-11-25', '246932935', ''),
(525, '2009-11-26', '269469465', ''),
(526, '2009-11-30', '279081141', ''),
(527, '2009-12-01', '267923141', ''),
(528, '2009-12-02', '271081840', ''),
(529, '2009-12-03', '284075979', ''),
(530, '2009-12-04', '284314209', ''),
(531, '2009-12-07', '277929126', ''),
(532, '2009-12-08', '270813880', ''),
(533, '2009-12-09', '266590994', ''),
(534, '2009-12-10', '268691005', ''),
(535, '2009-12-11', '270023674', ''),
(536, '2009-12-14', '276508715', ''),
(537, '2009-12-15', '274054054', ''),
(538, '2009-12-16', '266022972', ''),
(539, '2009-12-17', '256647474', ''),
(540, '2009-12-21', '256325314', ''),
(541, '2009-12-22', '257675984', ''),
(542, '2009-12-23', '255266569', ''),
(543, '2009-12-24', '254938237', ''),
(544, '2009-12-28', '256363933', ''),
(545, '2009-12-29', '258542411', ''),
(546, '2009-12-30', '259180331', ''),
(547, '2009-12-31', '268529514', ''),
(548, '2010-01-04', '220537879', ''),
(549, '2010-01-05', '220971074', ''),
(550, '2010-01-06', '223505525', ''),
(551, '2010-01-07', '226530527', ''),
(552, '2010-01-08', '227463861', ''),
(553, '2010-01-11', '231144281', ''),
(554, '2010-01-12', '224238116', ''),
(555, '2010-01-13', '225571387', ''),
(556, '2010-01-14', '226451251', ''),
(557, '2010-01-15', '225778253', ''),
(558, '2010-01-18', '232756929', ''),
(559, '2010-01-19', '231935989', ''),
(560, '2010-01-20', '236598661', ''),
(561, '2010-01-21', '235866578', ''),
(562, '2010-01-22', '236593245', ''),
(563, '2010-01-25', '227932084', ''),
(564, '2010-01-26', '223874643', ''),
(565, '2010-01-27', '220722201', ''),
(566, '2010-01-28', '221061168', ''),
(567, '2010-01-29', '222367422', ''),
(568, '2010-02-01', '213105757', ''),
(569, '2010-02-02', '212450539', ''),
(570, '2010-02-03', '214306655', ''),
(571, '2010-02-04', '212741274', ''),
(572, '2010-02-05', '219597055', ''),
(573, '2010-02-08', '215515504', ''),
(574, '2010-02-09', '216249672', ''),
(575, '2010-02-10', '217292507', ''),
(576, '2010-02-11', '221461508', ''),
(577, '2010-02-12', '225874395', ''),
(578, '2010-02-15', '227649536', ''),
(579, '2010-02-16', '227221958', ''),
(580, '2010-02-17', '228338210', ''),
(581, '2010-02-18', '229820713', ''),
(582, '2010-02-19', '225881494', ''),
(583, '2010-02-22', '205570800', ''),
(584, '2010-02-23', '207603302', ''),
(585, '2010-02-24', '210161703', ''),
(586, '2010-02-25', '211298545', ''),
(587, '2010-03-01', '212248956', ''),
(588, '2010-03-02', '212872292', ''),
(589, '2010-03-03', '217092561', ''),
(590, '2010-03-04', '218313814', ''),
(591, '2010-03-05', '219053356', ''),
(592, '2010-03-08', '231441973', ''),
(593, '2010-03-09', '231826973', ''),
(594, '2010-03-10', '223911809', ''),
(595, '2010-03-11', '212131046', ''),
(596, '2010-03-12', '214524715', ''),
(597, '2010-03-15', '214479580', ''),
(598, '2010-03-17', '221901678', ''),
(599, '2010-03-18', '215285433', ''),
(600, '2010-03-19', '218179200', ''),
(601, '2010-03-22', '211838627', ''),
(602, '2010-03-23', '213946965', ''),
(603, '2010-03-24', '215328633', ''),
(604, '2010-03-25', '215074440', ''),
(605, '2010-03-26', '216437775', ''),
(606, '2010-03-29', '218412436', ''),
(607, '2010-03-30', '223630438', ''),
(608, '2010-03-31', '227186556', ''),
(609, '2010-04-01', '227639890', ''),
(610, '2010-04-05', '225475559', ''),
(611, '2010-04-06', '219608452', ''),
(612, '2010-04-07', '223612398', ''),
(613, '2010-04-08', '224229065', ''),
(614, '2010-04-09', '223965233', '');

-- --------------------------------------------------------

--
-- Table structure for table `tb_module`
--

CREATE TABLE IF NOT EXISTS `tb_module` (
  `id` int(11) NOT NULL,
  `nama` varchar(255) NOT NULL,
  `icon` varchar(50) NOT NULL,
  `keterangan` text NOT NULL
) ENGINE=InnoDB AUTO_INCREMENT=5 DEFAULT CHARSET=latin1;

--
-- Dumping data for table `tb_module`
--

INSERT INTO `tb_module` (`id`, `nama`, `icon`, `keterangan`) VALUES
(1, 'Masterdata', 'fa fa-database', 'Single source of basic business data'),
(2, 'Transaksi', 'fa fa-calculator', 'Information processing system for business transactions'),
(3, 'Laporan', 'fa fa-bar-chart', 'Information organized in a narrative, graphic, or tabular form.'),
(4, 'Konfigurasi Sistem', 'fa fa-wrench', 'Manajemen Data Privileges, User Account, Ubah Password');

-- --------------------------------------------------------

--
-- Table structure for table `tb_operasional`
--

CREATE TABLE IF NOT EXISTS `tb_operasional` (
  `id` int(11) NOT NULL,
  `tanggal` date NOT NULL,
  `keterangan` text NOT NULL,
  `nominal` varchar(12) NOT NULL,
  `id_jenis` int(11) NOT NULL
) ENGINE=InnoDB AUTO_INCREMENT=3 DEFAULT CHARSET=latin1;

--
-- Dumping data for table `tb_operasional`
--

INSERT INTO `tb_operasional` (`id`, `tanggal`, `keterangan`, `nominal`, `id_jenis`) VALUES
(1, '2007-10-04', 'Perlengkapan Kantor', '394500', 3),
(2, '2007-10-04', 'Alat Tulis Kantor', '5000', 2);

-- --------------------------------------------------------

--
-- Table structure for table `tb_pinjaman`
--

CREATE TABLE IF NOT EXISTS `tb_pinjaman` (
  `id` int(11) NOT NULL,
  `id_debitur` int(11) NOT NULL,
  `tgl_pinjam` date NOT NULL,
  `tgl_tempo` date NOT NULL,
  `jml_pinjaman` decimal(12,2) NOT NULL,
  `ttl_pengembalian` decimal(12,2) NOT NULL,
  `bsr_angsuran` decimal(12,2) NOT NULL,
  `angsuran_pokok` decimal(12,2) NOT NULL,
  `jasa_angsuran` decimal(12,2) NOT NULL,
  `jenis_pinjaman` int(1) NOT NULL,
  `lama_pinjaman` int(3) NOT NULL,
  `sisa_angsuran` decimal(12,2) NOT NULL,
  `status_lunas` enum('Belum','Sudah') NOT NULL
) ENGINE=InnoDB AUTO_INCREMENT=3 DEFAULT CHARSET=latin1;

--
-- Dumping data for table `tb_pinjaman`
--

INSERT INTO `tb_pinjaman` (`id`, `id_debitur`, `tgl_pinjam`, `tgl_tempo`, `jml_pinjaman`, `ttl_pengembalian`, `bsr_angsuran`, `angsuran_pokok`, `jasa_angsuran`, `jenis_pinjaman`, `lama_pinjaman`, `sisa_angsuran`, `status_lunas`) VALUES
(1, 1, '2007-10-05', '2008-10-05', '5000000.00', '6200004.00', '516667.00', '416667.00', '100000.00', 1, 12, '0.00', 'Sudah'),
(2, 2, '2007-10-05', '2008-10-05', '4000000.00', '4960008.00', '413334.00', '333334.00', '80000.00', 1, 12, '0.00', 'Sudah');

-- --------------------------------------------------------

--
-- Table structure for table `tb_privileges`
--

CREATE TABLE IF NOT EXISTS `tb_privileges` (
  `id` int(11) NOT NULL,
  `id_module` int(11) DEFAULT NULL,
  `form_nama` varchar(255) NOT NULL,
  `url` varchar(255) NOT NULL,
  `show_desktop` int(1) NOT NULL,
  `urut` int(2) DEFAULT NULL,
  `detail` text NOT NULL
) ENGINE=InnoDB AUTO_INCREMENT=20 DEFAULT CHARSET=latin1;

--
-- Dumping data for table `tb_privileges`
--

INSERT INTO `tb_privileges` (`id`, `id_module`, `form_nama`, `url`, `show_desktop`, `urut`, `detail`) VALUES
(1, 4, 'Ubah Password', 'config/changepassword', 1, NULL, ''),
(2, 4, 'Data Institusi', 'config/institusi', 1, NULL, ''),
(3, 2, 'Pembiayaan', 'transaksi/pembiayaan', 1, NULL, ''),
(4, 2, 'Angsuran', 'transaksi/angsuran', 1, NULL, ''),
(5, 2, 'Penerimaan & Pengeluaran', 'transaksi/pembayaran_beban', 1, NULL, ''),
(6, 3, 'Rekap Kas Harian', 'laporan/kas_harian', 1, NULL, ''),
(7, 2, 'Data Tabungan', 'transaksi/tabungan', 1, NULL, ''),
(8, 2, 'Setoran Tabungan', 'transaksi/setoran_tabungan', 1, NULL, ''),
(9, 2, 'Penarikan Tabungan', 'transaksi/penarikan_tabungan', 1, NULL, ''),
(10, 2, 'Koreksi Saldo', 'transaksi/koreksi_saldo', 1, NULL, ''),
(11, 3, 'Rekap Terlambat Angsur', 'laporan/terlambat_angsur', 1, NULL, ''),
(12, 3, 'Rekap Pembiayaan', 'laporan/pembiayaan', 1, NULL, ''),
(13, 3, 'Rekap Tabungan', 'laporan/tabungan', 1, NULL, ''),
(14, 3, 'Rekap Angsuran', 'laporan/angsuran', 1, NULL, ''),
(15, 3, 'Rekap Admin & Profisi', 'laporan/administrasi', 1, NULL, ''),
(16, 3, 'Laporan Arus Kas', 'laporan/arus_kas', 1, NULL, ''),
(17, 4, 'Setting Admin & Profisi', 'config/administrasi', 1, NULL, ''),
(18, 4, 'Generate Bunga Tabungan', 'config/generate_bunga', 1, NULL, ''),
(19, 1, 'Anggota', 'masterdata/anggota', 1, NULL, '');

-- --------------------------------------------------------

--
-- Table structure for table `tb_saldo_koperasi`
--

CREATE TABLE IF NOT EXISTS `tb_saldo_koperasi` (
  `no_saldo` int(11) NOT NULL,
  `tanggal` date NOT NULL,
  `jml_saldo` double NOT NULL,
  `sisa_saldo` double NOT NULL
) ENGINE=InnoDB DEFAULT CHARSET=latin1;

-- --------------------------------------------------------

--
-- Table structure for table `tb_setting_administrasi`
--

CREATE TABLE IF NOT EXISTS `tb_setting_administrasi` (
  `id` int(11) NOT NULL,
  `administrasi` double NOT NULL,
  `calon_agt` double NOT NULL,
  `survey` double NOT NULL,
  `stofmap` double NOT NULL
) ENGINE=InnoDB AUTO_INCREMENT=2 DEFAULT CHARSET=latin1;

--
-- Dumping data for table `tb_setting_administrasi`
--

INSERT INTO `tb_setting_administrasi` (`id`, `administrasi`, `calon_agt`, `survey`, `stofmap`) VALUES
(1, 3, 10000, 10000, 2000);

-- --------------------------------------------------------

--
-- Table structure for table `tb_simpanan_pokok`
--

CREATE TABLE IF NOT EXISTS `tb_simpanan_pokok` (
  `no_sp` int(11) NOT NULL,
  `no_agt` int(11) NOT NULL,
  `kewajiban_p` double NOT NULL,
  `tersetor_p` double NOT NULL,
  `kekurangan_p` double NOT NULL
) ENGINE=InnoDB DEFAULT CHARSET=latin1;

-- --------------------------------------------------------

--
-- Table structure for table `tb_simpanan_wajib`
--

CREATE TABLE IF NOT EXISTS `tb_simpanan_wajib` (
  `no_sw` int(11) NOT NULL,
  `no_agt` int(11) NOT NULL,
  `kewajiban_w` double NOT NULL,
  `tersetor_w` double NOT NULL,
  `kekurangan_w` double NOT NULL
) ENGINE=InnoDB DEFAULT CHARSET=latin1 ROW_FORMAT=DYNAMIC;

-- --------------------------------------------------------

--
-- Table structure for table `tb_smart_card`
--

CREATE TABLE IF NOT EXISTS `tb_smart_card` (
  `id` int(11) NOT NULL,
  `nama` varchar(100) NOT NULL
) ENGINE=InnoDB AUTO_INCREMENT=2 DEFAULT CHARSET=latin1;

--
-- Dumping data for table `tb_smart_card`
--

INSERT INTO `tb_smart_card` (`id`, `nama`) VALUES
(1, 'MULTICAST> mtu 16');

-- --------------------------------------------------------

--
-- Table structure for table `tb_tabungan`
--

CREATE TABLE IF NOT EXISTS `tb_tabungan` (
  `id` int(11) NOT NULL,
  `id_anggota` int(11) NOT NULL,
  `tanggal_update` date NOT NULL,
  `status_bunga` varchar(1) NOT NULL,
  `saldo` decimal(12,2) NOT NULL,
  `aktif` enum('Ya','Tidak') NOT NULL
) ENGINE=InnoDB AUTO_INCREMENT=4 DEFAULT CHARSET=latin1;

--
-- Dumping data for table `tb_tabungan`
--

INSERT INTO `tb_tabungan` (`id`, `id_anggota`, `tanggal_update`, `status_bunga`, `saldo`, `aktif`) VALUES
(1, 1, '2010-03-31', '1', '477531.40', 'Ya'),
(2, 2, '2010-04-07', '1', '129491.00', 'Ya'),
(3, 3, '2016-08-03', '0', '450000.00', 'Ya');

-- --------------------------------------------------------

--
-- Table structure for table `tb_trans_sw`
--

CREATE TABLE IF NOT EXISTS `tb_trans_sw` (
  `id_trans` int(5) NOT NULL,
  `no_sw` int(5) NOT NULL,
  `tanggal` date NOT NULL,
  `jml_simw` int(12) NOT NULL
) ENGINE=InnoDB DEFAULT CHARSET=latin1 ROW_FORMAT=DYNAMIC;

-- --------------------------------------------------------

--
-- Table structure for table `tb_usersystem`
--

CREATE TABLE IF NOT EXISTS `tb_usersystem` (
  `id_user` int(4) NOT NULL,
  `username` varchar(20) NOT NULL,
  `password` varchar(100) NOT NULL,
  `nama` varchar(30) NOT NULL,
  `alamat` text NOT NULL,
  `no_telepon` varchar(15) NOT NULL,
  `id_user_group` int(11) DEFAULT NULL
) ENGINE=InnoDB AUTO_INCREMENT=2 DEFAULT CHARSET=latin1;

--
-- Dumping data for table `tb_usersystem`
--

INSERT INTO `tb_usersystem` (`id_user`, `username`, `password`, `nama`, `alamat`, `no_telepon`, `id_user_group`) VALUES
(1, 'admin', '81dc9bdb52d04dc20036dbd8313ed055', 'Adminstrator', 'hangar 18 Area 51', '-', 1);

-- --------------------------------------------------------

--
-- Table structure for table `tb_user_group`
--

CREATE TABLE IF NOT EXISTS `tb_user_group` (
  `id` int(11) NOT NULL,
  `nama` varchar(30) NOT NULL
) ENGINE=InnoDB AUTO_INCREMENT=2 DEFAULT CHARSET=latin1;

--
-- Dumping data for table `tb_user_group`
--

INSERT INTO `tb_user_group` (`id`, `nama`) VALUES
(1, 'Administrator');

--
-- Indexes for dumped tables
--

--
-- Indexes for table `tb_adpro`
--
ALTER TABLE `tb_adpro`
  ADD PRIMARY KEY (`id`),
  ADD KEY `no_pinjaman` (`id_pinjaman`);

--
-- Indexes for table `tb_anggota`
--
ALTER TABLE `tb_anggota`
  ADD PRIMARY KEY (`id`),
  ADD UNIQUE KEY `no_rekening` (`no_rekening`);

--
-- Indexes for table `tb_arus_kas`
--
ALTER TABLE `tb_arus_kas`
  ADD PRIMARY KEY (`id`),
  ADD KEY `id_user` (`id_user`),
  ADD KEY `id_transaksi` (`id_transaksi`),
  ADD KEY `waktu` (`waktu`);

--
-- Indexes for table `tb_debitur`
--
ALTER TABLE `tb_debitur`
  ADD PRIMARY KEY (`id`);

--
-- Indexes for table `tb_detail_debitur`
--
ALTER TABLE `tb_detail_debitur`
  ADD PRIMARY KEY (`id`),
  ADD KEY `id_debitur` (`id_debitur`);

--
-- Indexes for table `tb_detail_pinjaman`
--
ALTER TABLE `tb_detail_pinjaman`
  ADD PRIMARY KEY (`id`),
  ADD KEY `no_pinjaman` (`id_pinjaman`);

--
-- Indexes for table `tb_detail_tabungan`
--
ALTER TABLE `tb_detail_tabungan`
  ADD PRIMARY KEY (`id`),
  ADD KEY `id_tabungan` (`id_tabungan`);

--
-- Indexes for table `tb_durasi_kredit`
--
ALTER TABLE `tb_durasi_kredit`
  ADD PRIMARY KEY (`no_durasi`);

--
-- Indexes for table `tb_grant_privileges`
--
ALTER TABLE `tb_grant_privileges`
  ADD PRIMARY KEY (`id`),
  ADD KEY `user_group_id` (`id_user_group`,`id_privileges`),
  ADD KEY `privileges_id` (`id_privileges`);

--
-- Indexes for table `tb_institusi`
--
ALTER TABLE `tb_institusi`
  ADD PRIMARY KEY (`id`);

--
-- Indexes for table `tb_jasa`
--
ALTER TABLE `tb_jasa`
  ADD PRIMARY KEY (`no_jasa`);

--
-- Indexes for table `tb_jenis_transaksi`
--
ALTER TABLE `tb_jenis_transaksi`
  ADD PRIMARY KEY (`id`);

--
-- Indexes for table `tb_kas_koperasi`
--
ALTER TABLE `tb_kas_koperasi`
  ADD PRIMARY KEY (`no_kas`);

--
-- Indexes for table `tb_module`
--
ALTER TABLE `tb_module`
  ADD PRIMARY KEY (`id`);

--
-- Indexes for table `tb_operasional`
--
ALTER TABLE `tb_operasional`
  ADD PRIMARY KEY (`id`),
  ADD KEY `kd_jenis` (`id_jenis`);

--
-- Indexes for table `tb_pinjaman`
--
ALTER TABLE `tb_pinjaman`
  ADD PRIMARY KEY (`id`),
  ADD KEY `no_anggota` (`id_debitur`);

--
-- Indexes for table `tb_privileges`
--
ALTER TABLE `tb_privileges`
  ADD PRIMARY KEY (`id`),
  ADD KEY `modul_id` (`id_module`),
  ADD KEY `form_nama` (`form_nama`);

--
-- Indexes for table `tb_saldo_koperasi`
--
ALTER TABLE `tb_saldo_koperasi`
  ADD PRIMARY KEY (`no_saldo`);

--
-- Indexes for table `tb_setting_administrasi`
--
ALTER TABLE `tb_setting_administrasi`
  ADD PRIMARY KEY (`id`);

--
-- Indexes for table `tb_simpanan_pokok`
--
ALTER TABLE `tb_simpanan_pokok`
  ADD PRIMARY KEY (`no_sp`),
  ADD KEY `no_agt` (`no_agt`);

--
-- Indexes for table `tb_simpanan_wajib`
--
ALTER TABLE `tb_simpanan_wajib`
  ADD PRIMARY KEY (`no_sw`),
  ADD KEY `no_agt` (`no_agt`);

--
-- Indexes for table `tb_smart_card`
--
ALTER TABLE `tb_smart_card`
  ADD PRIMARY KEY (`id`);

--
-- Indexes for table `tb_tabungan`
--
ALTER TABLE `tb_tabungan`
  ADD PRIMARY KEY (`id`),
  ADD KEY `no_agt_tab` (`id_anggota`);

--
-- Indexes for table `tb_trans_sw`
--
ALTER TABLE `tb_trans_sw`
  ADD PRIMARY KEY (`id_trans`);

--
-- Indexes for table `tb_usersystem`
--
ALTER TABLE `tb_usersystem`
  ADD PRIMARY KEY (`id_user`),
  ADD KEY `id_user_group` (`id_user_group`);

--
-- Indexes for table `tb_user_group`
--
ALTER TABLE `tb_user_group`
  ADD PRIMARY KEY (`id`);

--
-- AUTO_INCREMENT for dumped tables
--

--
-- AUTO_INCREMENT for table `tb_adpro`
--
ALTER TABLE `tb_adpro`
  MODIFY `id` int(11) NOT NULL AUTO_INCREMENT,AUTO_INCREMENT=3;
--
-- AUTO_INCREMENT for table `tb_anggota`
--
ALTER TABLE `tb_anggota`
  MODIFY `id` int(11) NOT NULL AUTO_INCREMENT,AUTO_INCREMENT=4;
--
-- AUTO_INCREMENT for table `tb_arus_kas`
--
ALTER TABLE `tb_arus_kas`
  MODIFY `id` int(11) NOT NULL AUTO_INCREMENT,AUTO_INCREMENT=6;
--
-- AUTO_INCREMENT for table `tb_debitur`
--
ALTER TABLE `tb_debitur`
  MODIFY `id` int(11) NOT NULL AUTO_INCREMENT,AUTO_INCREMENT=3;
--
-- AUTO_INCREMENT for table `tb_detail_debitur`
--
ALTER TABLE `tb_detail_debitur`
  MODIFY `id` int(11) NOT NULL AUTO_INCREMENT,AUTO_INCREMENT=3;
--
-- AUTO_INCREMENT for table `tb_detail_pinjaman`
--
ALTER TABLE `tb_detail_pinjaman`
  MODIFY `id` int(11) NOT NULL AUTO_INCREMENT,AUTO_INCREMENT=25;
--
-- AUTO_INCREMENT for table `tb_detail_tabungan`
--
ALTER TABLE `tb_detail_tabungan`
  MODIFY `id` int(11) NOT NULL AUTO_INCREMENT,AUTO_INCREMENT=5811;
--
-- AUTO_INCREMENT for table `tb_durasi_kredit`
--
ALTER TABLE `tb_durasi_kredit`
  MODIFY `no_durasi` int(2) NOT NULL AUTO_INCREMENT,AUTO_INCREMENT=18;
--
-- AUTO_INCREMENT for table `tb_grant_privileges`
--
ALTER TABLE `tb_grant_privileges`
  MODIFY `id` int(11) NOT NULL AUTO_INCREMENT,AUTO_INCREMENT=20;
--
-- AUTO_INCREMENT for table `tb_institusi`
--
ALTER TABLE `tb_institusi`
  MODIFY `id` int(11) NOT NULL AUTO_INCREMENT,AUTO_INCREMENT=2;
--
-- AUTO_INCREMENT for table `tb_jasa`
--
ALTER TABLE `tb_jasa`
  MODIFY `no_jasa` int(11) NOT NULL AUTO_INCREMENT,AUTO_INCREMENT=3;
--
-- AUTO_INCREMENT for table `tb_jenis_transaksi`
--
ALTER TABLE `tb_jenis_transaksi`
  MODIFY `id` int(11) NOT NULL AUTO_INCREMENT,AUTO_INCREMENT=12;
--
-- AUTO_INCREMENT for table `tb_kas_koperasi`
--
ALTER TABLE `tb_kas_koperasi`
  MODIFY `no_kas` int(9) NOT NULL AUTO_INCREMENT,AUTO_INCREMENT=615;
--
-- AUTO_INCREMENT for table `tb_module`
--
ALTER TABLE `tb_module`
  MODIFY `id` int(11) NOT NULL AUTO_INCREMENT,AUTO_INCREMENT=5;
--
-- AUTO_INCREMENT for table `tb_operasional`
--
ALTER TABLE `tb_operasional`
  MODIFY `id` int(11) NOT NULL AUTO_INCREMENT,AUTO_INCREMENT=3;
--
-- AUTO_INCREMENT for table `tb_pinjaman`
--
ALTER TABLE `tb_pinjaman`
  MODIFY `id` int(11) NOT NULL AUTO_INCREMENT,AUTO_INCREMENT=3;
--
-- AUTO_INCREMENT for table `tb_privileges`
--
ALTER TABLE `tb_privileges`
  MODIFY `id` int(11) NOT NULL AUTO_INCREMENT,AUTO_INCREMENT=20;
--
-- AUTO_INCREMENT for table `tb_saldo_koperasi`
--
ALTER TABLE `tb_saldo_koperasi`
  MODIFY `no_saldo` int(11) NOT NULL AUTO_INCREMENT;
--
-- AUTO_INCREMENT for table `tb_setting_administrasi`
--
ALTER TABLE `tb_setting_administrasi`
  MODIFY `id` int(11) NOT NULL AUTO_INCREMENT,AUTO_INCREMENT=2;
--
-- AUTO_INCREMENT for table `tb_simpanan_pokok`
--
ALTER TABLE `tb_simpanan_pokok`
  MODIFY `no_sp` int(11) NOT NULL AUTO_INCREMENT;
--
-- AUTO_INCREMENT for table `tb_simpanan_wajib`
--
ALTER TABLE `tb_simpanan_wajib`
  MODIFY `no_sw` int(11) NOT NULL AUTO_INCREMENT;
--
-- AUTO_INCREMENT for table `tb_smart_card`
--
ALTER TABLE `tb_smart_card`
  MODIFY `id` int(11) NOT NULL AUTO_INCREMENT,AUTO_INCREMENT=2;
--
-- AUTO_INCREMENT for table `tb_tabungan`
--
ALTER TABLE `tb_tabungan`
  MODIFY `id` int(11) NOT NULL AUTO_INCREMENT,AUTO_INCREMENT=4;
--
-- AUTO_INCREMENT for table `tb_trans_sw`
--
ALTER TABLE `tb_trans_sw`
  MODIFY `id_trans` int(5) NOT NULL AUTO_INCREMENT;
--
-- AUTO_INCREMENT for table `tb_usersystem`
--
ALTER TABLE `tb_usersystem`
  MODIFY `id_user` int(4) NOT NULL AUTO_INCREMENT,AUTO_INCREMENT=2;
--
-- AUTO_INCREMENT for table `tb_user_group`
--
ALTER TABLE `tb_user_group`
  MODIFY `id` int(11) NOT NULL AUTO_INCREMENT,AUTO_INCREMENT=2;
/*!40101 SET CHARACTER_SET_CLIENT=@OLD_CHARACTER_SET_CLIENT */;
/*!40101 SET CHARACTER_SET_RESULTS=@OLD_CHARACTER_SET_RESULTS */;
/*!40101 SET COLLATION_CONNECTION=@OLD_COLLATION_CONNECTION */;
